{
    "facebook":  1.7661538461538462,
    "twitter":  0.06713372204818015,
    "youtube":  0.10465744905563254,
    "tick-tock":  0.09158843079774114,
    "instagram":  0.05786020282297267
}